V_S,Z,D,AEdAO,PdD,P_B,Strength,Strength_Min,Cavitation,Cavitation_Max,Tip_Velocity,Tip_Velocity_Max,Generation,Run,Valid
8.5,5,0.8,0.9704497514166149,0.7131254635495917,171.3873858369473,0.012249999999999999,0.010770792089322872,0.1339997818811791,0.14253438505750582,36.820540937862475,39,1,2,True
8.5,5,0.8,0.922879481423116,0.6830335861798876,170.5381560145765,0.012249999999999999,0.010731655199021707,0.13186143197467173,0.1363745625711759,37.93491618601158,39,2,2,True
8.5,5,0.8,1.0439538295887458,0.792768785956421,173.16719252978598,0.012249999999999999,0.010852661717279874,0.14764283217768184,0.15875083305117377,34.124573022205915,39,1,6,True
