V_S,Z,D,AEdAO,PdD,P_B,Strength,Strength_Min,Cavitation,Cavitation_Max,Tip_Velocity,Tip_Velocity_Max,Generation,Run
8.0,6,0.8,0.924321396119356,0.7761294345988486,137.23077280232158,0.011,0.010021962523818241,0.1660282397274701,0.175007361058208,31.712907596145893,39,5,0
8.0,6,0.8,1.0297607270295586,0.6510100410081966,140.18118102724912,0.011,0.00995280008012325,0.1107042917015684,0.14580081117664326,36.29387265487034,39,2,2
8.0,6,0.7651856635797599,0.9278750348259479,0.6189022271745127,143.24222770635606,0.011,0.010106019312626443,0.11729859197044677,0.13223940789037833,38.766408756827225,39,5,2
8.0,6,0.7330420926382395,1.05,0.6755972282871288,150.09004599279157,0.011,0.010396003013087993,0.11994358127544472,0.13662271490862346,37.92345209424429,39,5,2
8.0,6,0.8,0.9624280926992224,0.598573551240021,140.11319757307356,0.011,0.009889584382447183,0.1040874647511817,0.1336070446331899,38.49578520643146,39,6,2
8.0,6,0.8,1.05,0.6877591473683959,140.02840977783896,0.011,0.00999072843393078,0.11876431972132626,0.15456573635062165,34.84092502868906,39,8,2
8.0,6,0.8,1.05,0.9521800877845493,142.32758128184588,0.011,0.010114734951841647,0.20117435760268812,0.2058522742078105,27.584929833371973,39,7,6
