V_S,Z,D,AEdAO,PdD,P_B,Strength,Strength_Min,Cavitation,Cavitation_Max,Tip_Velocity,Tip_Velocity_Max,Generation,Run
8.0,6,0.7658402694062398,0.9454918966019108,0.6486063083598985,142.8288066221035,0.011,0.010133444840198284,0.12390267472079552,0.13915971647952605,37.455008719997856,39,4,4
8.0,6,0.7723731068860683,0.953557214065282,0.6541391064774379,141.9786845026945,0.011,0.010100400985113719,0.12394823784993163,0.14179437711930204,36.98377774501183,39,5,4
8.0,6,0.7325899905752354,0.965502595827046,0.7308543846144262,147.79707822922336,0.011,0.01042567764401483,0.1498314772094759,0.1498919128160593,35.62530929027011,39,22,4
8.0,6,0.792638021924448,0.9272978568312675,0.662468125613953,138.51078762106457,0.011,0.009982177235256956,0.1289637243289956,0.14866801501213106,35.81987839776634,39,1,6
8.0,6,0.7714785466469503,0.916760676176978,0.6237839482123783,141.97910311254665,0.011,0.010070704703806468,0.1200026811732249,0.13487757770696082,38.251537852225376,39,11,7
8.0,6,0.7651708996873676,0.9092651953021236,0.6186838596337922,142.84805211037653,0.011,0.01010288520087013,0.11998814911802522,0.1324806082556818,38.71887202920091,39,12,7
