V_S,Z,D,AEdAO,PdD,P_B,Strength,Strength_Min,Cavitation,Cavitation_Max,Tip_Velocity,Tip_Velocity_Max,Generation,Run
8.5,4,0.8,0.9187964115651747,0.714084601120729,174.09320034516747,0.013499999999999998,0.01138284549514911,0.1373045681003494,0.13929544418289014,37.39645019641353,39,5,0
