V_S,Z,D,AEdAO,PdD,P_B,Strength,Strength_Min,Cavitation,Cavitation_Max,Tip_Velocity,Tip_Velocity_Max,Generation,Run
8.0,4,0.7658402694062398,0.9454918966019108,0.6486063083598985,147.23482343988613,0.013499999999999998,0.011170893195053126,0.11511746669745794,0.13168616091047528,38.87600291050352,39,4,4
8.0,4,0.7723731068860683,0.953557214065282,0.6541391064774379,146.31206544529618,0.013499999999999998,0.011133125284273663,0.11521895599646276,0.13422322438563086,38.37739579486624,39,5,4
8.0,4,0.7325899905752354,0.965502595827046,0.7308543846144262,151.50088880145339,0.013499999999999998,0.011500734950551945,0.1403293098094044,0.1426957210345676,36.82852918361995,39,22,4
8.0,4,0.7283736445500977,0.9599455999332692,0.7266477647360469,152.1323918887744,0.013499999999999998,0.011528053318631461,0.1401735019265251,0.1408078248405562,37.160183847830346,39,23,4
8.0,4,0.792638021924448,0.9272978568312675,0.662468125613953,142.47870438799512,0.013499999999999998,0.010993734172111332,0.11991094601495066,0.14075654799874582,37.166206972862355,39,1,6
