V_S,Z,D,AEdAO,PdD,P_B,Strength,Strength_Min,Cavitation,Cavitation_Max,Tip_Velocity,Tip_Velocity_Max,Generation,Run
8.5,4,0.7997702190346397,0.9744609358533286,0.8037090882557647,175.51634171096475,0.013499999999999998,0.011476391370521893,0.1572018749311228,0.15771044317382465,34.29132311406061,39,2,0
