V_S,Z,D,AEdAO,PdD,P_B,Strength,Strength_Min,Cavitation,Cavitation_Max,Tip_Velocity,Tip_Velocity_Max,Generation,Run
8.0,3,0.7325899905752354,0.965502595827046,0.7308543846144262,157.73940087343166,0.01475,0.012444272017801966,0.13532830555831532,0.1388569119473345,37.51185926571106,39,22,4
8.0,3,0.7283736445500977,0.9599455999332692,0.7266477647360469,158.45274661775431,0.01475,0.01247497760311008,0.13512395387485399,0.1369799598768164,37.8571709965407,39,23,4
8.0,3,0.7818558544063497,0.8289707972410045,0.6952867526048583,147.69622617223996,0.01475,0.01196053541645947,0.14083725017716345,0.14206557923045093,36.935826555196975,39,22,5
8.0,3,0.792638021924448,0.9272978568312675,0.662468125613953,149.19684968335753,0.01475,0.011886921969527791,0.11472729050391008,0.1361585388738163,38.007563133267006,39,1,6
8.0,3,0.7005767862057891,1.0125341022888485,0.7291675986271126,163.99496740591545,0.01475,0.012734917913848095,0.13100690733963033,0.13112685686526754,38.99072319553759,39,21,9
8.0,3,0.7029684968246575,1.0159908091225507,0.7316569158909862,163.52668595642461,0.01475,0.012715890239457732,0.1311426537766042,0.13219584007149673,38.77788423601081,39,22,9
