V_S,Z,D,AEdAO,PdD,P_B,Strength,Strength_Min,Cavitation,Cavitation_Max,Tip_Velocity,Tip_Velocity_Max,Generation,Run
8.5,6,0.792638021924448,0.9272978568312675,0.662468125613953,171.54900003672418,0.011,0.01032593630728076,0.12962795058445173,0.1337197706160826,38.44284773417701,39,1,6
