V_S,Z,D,AEdAO,PdD,P_B,Strength,Strength_Min,Cavitation,Cavitation_Max,Tip_Velocity,Tip_Velocity_Max,Generation,Run,Valid
8.0,5,0.7658402694062398,0.9454918966019108,0.6486063083598985,143.56286031218605,0.012249999999999999,0.010559336605239113,0.11973378399970176,0.1356227909116483,38.10989540787627,39,5,4,True
8.0,5,0.7325899905752354,0.965502595827046,0.7308543846144262,148.3012485560389,0.012249999999999999,0.010867935007801838,0.14518796651468985,0.14638978380040354,36.198605236114005,39,23,4,True
8.0,5,0.7929659061223034,0.9276814446803869,0.6627421634773454,139.02622886824986,0.012249999999999999,0.01039547055155509,0.1246834150191787,0.14507783122025752,36.41611845229078,39,1,6,True
8.0,5,0.7714785466469503,0.916760676176978,0.6237839482123783,142.7725979542795,0.012249999999999999,0.010492985667935205,0.11587492647109346,0.13138734394913867,38.935316547312276,39,12,7,True
