V_S,Z,D,AEdAO,PdD,P_B,Strength,Strength_Min,Cavitation,Cavitation_Max,Tip_Velocity,Tip_Velocity_Max,Generation,Run,Valid
8.0,6,0.7658402694062398,0.9454918966019108,0.6486063083598985,142.8288066221035,0.011,0.010133444840198284,0.12390267472079552,0.13915971647952605,37.455008719997856,39,5,4,True
8.0,6,0.7325899905752354,0.965502595827046,0.7308543846144262,147.79707822922336,0.011,0.01042567764401483,0.1498314772094759,0.1498919128160593,35.62530929027011,39,23,4,True
8.0,6,0.7929659061223034,0.9276814446803869,0.6627421634773454,138.47423935983355,0.011,0.009980622130376536,0.12896343514582684,0.14880149977795817,35.79815454350751,39,1,6,True
8.0,6,0.7714785466469503,0.916760676176978,0.6237839482123783,141.97910311254665,0.011,0.010070704703806468,0.1200026811732249,0.13487757770696082,38.251537852225376,39,12,7,True
