V_S,Z,D,AEdAO,PdD,P_B,Strength,Strength_Min,Cavitation,Cavitation_Max,Tip_Velocity,Tip_Velocity_Max,Generation,Run,Valid
8.0,7,0.7929659061223034,0.9276814446803869,0.6627421634773454,140.4592973897082,0.009749999999999998,0.009687867257084112,0.13269744544980272,0.15195290403341385,35.28351355656756,39,1,6,True
