V_S,Z,D,AEdAO,PdD,P_B,Strength,Strength_Min,Cavitation,Cavitation_Max,Tip_Velocity,Tip_Velocity_Max,Generation,Run
8.5,3,0.7934686413284743,0.9982757635463596,0.8085519017179976,183.24526499603354,0.01475,0.012468122889372279,0.15087740619116963,0.15401559315747293,34.89853390047904,39,5,0
8.5,3,0.7702472038025667,1.0469822370362718,0.7775344785522943,187.7687450771289,0.01475,0.012635134210249385,0.13647831586598605,0.14250086405882278,36.82800897603885,39,8,0
8.5,3,0.8,1.000640805846594,0.7328942348826601,182.85991492494068,0.01475,0.012355247418201308,0.126371844634573,0.13904322683446274,37.44241567795623,39,2,2
