V_S,Z,D,AEdAO,PdD,P_B,Strength,Strength_Min,Cavitation,Cavitation_Max,Tip_Velocity,Tip_Velocity_Max,Generation,Run,Valid
8.0,3,0.7325899905752354,0.965502595827046,0.7308543846144262,157.73940087343166,0.01475,0.012444272017801966,0.13532830555831532,0.1388569119473345,37.51185926571106,39,23,4,True
8.0,3,0.7818558544063497,0.8289707972410045,0.6952867526048583,147.69622617223996,0.01475,0.01196053541645947,0.14083725017716345,0.14206557923045093,36.935826555196975,39,23,5,True
8.0,3,0.7929659061223034,0.9276814446803869,0.6627421634773454,149.15072602893932,0.01475,0.011884926345498401,0.11473443727220499,0.1362876450798881,37.98330973846261,39,1,6,True
8.0,3,0.7005767862057891,1.0125341022888485,0.7291675986271126,163.99496740591545,0.01475,0.012734917913848095,0.13100690733963033,0.13112685686526754,38.99072319553759,39,22,9,True
