V_S,Z,D,AEdAO,PdD,P_B,Strength,Strength_Min,Cavitation,Cavitation_Max,Tip_Velocity,Tip_Velocity_Max,Generation,Run
8.5,6,0.8,0.9404729920362286,0.6765823401257689,170.42920794040896,0.011,0.010296911581985858,0.1314841521801817,0.13820125231591196,37.59692954887363,39,1,2
8.5,6,0.8,0.9139863640531896,0.6484514173821154,170.30899953862104,0.011,0.010266038049104701,0.126688562417605,0.13224397074419386,38.73277924114821,39,3,2
