V_S,Z,D,AEdAO,PdD,P_B,Strength,Strength_Min,Cavitation,Cavitation_Max,Tip_Velocity,Tip_Velocity_Max,Generation,Run
8.0,5,0.8,1.0216805250901995,0.8332119994201113,139.85017955348704,0.012249999999999999,0.010500580165115425,0.16295348996129808,0.18216027418653996,30.654122043147826,39,1,0
8.0,5,0.79725973100434,0.9920547315761333,0.784689869180077,139.22247667432904,0.012249999999999999,0.010481542047027592,0.1525855806239207,0.17260613807865774,32.086485164047254,39,8,0
8.0,5,0.8,1.0079480640344716,0.6336502717150134,141.1065806440764,0.012249999999999999,0.010350653174459734,0.10472798983567091,0.13806544474683485,37.653785694897365,39,1,2
8.0,5,0.8,0.9575759549535189,0.6256058531834247,139.94101315935683,0.012249999999999999,0.010328984384706866,0.1088256568787968,0.13693542453217344,37.862048323852186,39,2,2
8.0,5,0.8,1.0385866543428885,0.6350412327511975,142.0244211918951,0.012249999999999999,0.010361734065750366,0.10145415369796244,0.13784024145293353,37.69502112406522,39,5,2
8.0,5,0.8,0.933744860606895,0.6570261881976773,138.34324873653182,0.012249999999999999,0.010348948375366554,0.1215132415630084,0.1451207030323342,36.408508724722914,39,6,2
8.0,5,0.7748807826928574,1.05,0.6341402468066561,145.8893748170848,0.012249999999999999,0.01052041314719403,0.10144396801347066,0.13229729045130614,38.754536040968226,39,14,2
8.0,5,0.7265663813697174,1.0232431737704322,0.749834015094223,150.46338720123072,0.012249999999999999,0.010942812353138412,0.1428558532126853,0.14861135506535947,35.83241131251574,39,4,8
