V_S,Z,D,AEdAO,PdD,P_B,Strength,Strength_Min,Cavitation,Cavitation_Max,Tip_Velocity,Tip_Velocity_Max,Generation,Run
8.0,7,0.792638021924448,0.9272978568312675,0.662468125613953,140.50013946419602,0.009749999999999998,0.009689402158452718,0.13269562385182426,0.15182722009799654,35.30522062537093,39,1,6
