V_S,Z,D,AEdAO,PdD,P_B,Strength,Strength_Min,Cavitation,Cavitation_Max,Tip_Velocity,Tip_Velocity_Max,Generation,Run
8.5,6,0.8,0.9468360059717372,0.6602700883678673,170.85747547943282,0.011,0.010283219710991413,0.12541384939318254,0.13446321721752605,38.2983154588191,39,1,2
8.5,6,0.8,0.9866784845391957,0.6565143554400011,172.03058469058993,0.011,0.010288410439082348,0.11858150554770353,0.13307656226250064,38.5684638019357,39,1,2
8.5,6,0.8,1.05,0.7149478043434893,173.08112410290076,0.011,0.010359107969955107,0.12739818707934691,0.14554122753076904,36.304307610449435,39,2,2
8.5,6,0.8,0.9854400464140356,0.7038620723423483,171.29280644156356,0.011,0.010331501586716176,0.13320521352162015,0.14379509967839496,36.601957923325386,39,3,2
8.5,6,0.8,1.05,0.695790807005692,173.28138979568843,0.011,0.010342267654086449,0.12173674095376225,0.14116545646530285,37.060747528362725,39,3,2
8.5,6,0.8,1.0451617507670403,0.7580371933833188,172.84849114317396,0.011,0.010391700360585062,0.14107301989544965,0.15493429113381968,34.74516682262934,39,4,2
8.5,6,0.7711023542008707,1.05,0.6875160761259951,178.44407068242018,0.011,0.010515406573127646,0.12137005992177402,0.13326194460337004,38.53354550545955,39,7,2
8.5,6,0.799611738324793,0.9045382417625734,0.6798012993935415,169.65139235001686,0.011,0.0102952127128534,0.13829945155909407,0.13921525767466505,37.411066935493544,39,3,6
8.5,6,0.8,0.8888532751761598,0.647910812887751,169.7737979255089,0.011,0.010261620999136472,0.13049971992852294,0.13243202888714312,38.695671864197735,39,1,8
