V_S,Z,D,AEdAO,PdD,P_B,Strength,Strength_Min,Cavitation,Cavitation_Max,Tip_Velocity,Tip_Velocity_Max,Generation,Run
8.0,5,0.7658402694062398,0.9454918966019108,0.6486063083598985,143.56286031218605,0.012249999999999999,0.010559336605239113,0.11973378399970176,0.1356227909116483,38.10989540787627,39,4,4
8.0,5,0.7723731068860683,0.953557214065282,0.6541391064774379,142.68563454873677,0.012249999999999999,0.010524251955544649,0.11980039736129156,0.1382190539455131,37.6270557925405,39,5,4
8.0,5,0.7325899905752354,0.965502595827046,0.7308543846144262,148.3012485560389,0.012249999999999999,0.010867935007801838,0.14518796651468985,0.14638978380040354,36.198605236114005,39,22,4
8.0,5,0.792638021924448,0.9272978568312675,0.662468125613953,139.06614490152782,0.012249999999999999,0.010397146869773107,0.12468126469617466,0.1449455633839376,36.438566192338854,39,1,6
8.0,5,0.7714785466469503,0.916760676176978,0.6237839482123783,142.7725979542795,0.012249999999999999,0.010492985667935205,0.11587492647109346,0.13138734394913867,38.935316547312276,39,11,7
