V_S,Z,D,AEdAO,PdD,P_B,Strength,Strength_Min,Cavitation,Cavitation_Max,Tip_Velocity,Tip_Velocity_Max,Generation,Run
8.5,5,0.8,1.05,0.6912699986008475,173.92235106396308,0.012249999999999999,0.010773416120103166,0.1165526509279091,0.1367411153289144,37.86637722246011,39,2,2
8.5,5,0.8,0.8992228111131287,0.6892295745874212,169.92167737689593,0.012249999999999999,0.010731917202752149,0.13762254834190946,0.13795039461860426,37.6428206036642,39,3,2
