V_S,Z,D,AEdAO,PdD,P_B,Strength,Strength_Min,Cavitation,Cavitation_Max,Tip_Velocity,Tip_Velocity_Max,Generation,Run,Valid
8.5,3,0.7667046268205582,1.0354315656039157,0.8066126038254599,188.19707274809053,0.01475,0.012686314763784125,0.14748093105121934,0.14788946059729574,35.91522287111088,39,3,6,True
8.5,3,0.8,1.05,0.8598099711349942,181.83356240663596,0.01475,0.012445116048594856,0.15930113211586458,0.16592635056194657,33.02543189137739,39,8,6,True
