V_S,Z,D,AEdAO,PdD,P_B,Strength,Strength_Min,Cavitation,Cavitation_Max,Tip_Velocity,Tip_Velocity_Max,Generation,Run
8.0,7,0.8,0.9028626944921231,0.6738439584566267,138.99035873460937,0.009749999999999998,0.009654382604405373,0.13978376445164323,0.1562262265555988,34.568210436451004,39,3,0
8.0,7,0.8,0.9026814656339217,0.7115354308105767,138.63650873080144,0.009749999999999998,0.009680930517247284,0.1525059661336157,0.16475649860250352,33.23514317377518,39,5,0
8.0,7,0.8,1.0158912917634753,0.6634773748422375,141.35694449658118,0.009749999999999998,0.009666468927684876,0.1195671835717711,0.15243791497231243,35.199817353981864,39,2,2
8.0,7,0.8,0.9549118003603196,0.7154984985560104,139.55254400502756,0.009749999999999998,0.009694505814104179,0.14490419899264595,0.16522330901978244,33.16570171387195,39,3,2
8.0,7,0.8,0.9958441355931131,0.6588965452272748,140.94379363994562,0.009749999999999998,0.00965779802329904,0.12090776727675216,0.15164438221084808,35.336469681722555,39,3,2
8.0,7,0.8,1.0373878875624019,0.6610721844245412,141.9281523001567,0.009749999999999998,0.009669220938061555,0.1160259824765883,0.15155254999176912,35.35238481878016,39,5,2
8.0,7,0.7941767504840123,1.05,0.6878610491363405,142.7661284679514,0.009749999999999998,0.009729932435952845,0.12274835086564037,0.1564861618797741,34.52584894082462,39,5,2
8.0,7,0.8,0.9604153614661772,0.6268421777581462,140.75919580983333,0.009749999999999998,0.00962101066302993,0.11601957355994279,0.14397229879057225,36.60446968518453,39,8,2
8.0,7,0.7955204960466686,1.05,0.6369756329700597,143.2218528334855,0.009749999999999998,0.00967180297995864,0.10773682056156286,0.1440828159407416,36.58574448441188,39,16,2
