V_S,Z,D,AEdAO,PdD,P_B,Strength,Strength_Min,Cavitation,Cavitation_Max,Tip_Velocity,Tip_Velocity_Max,Generation,Run
8.0,2,0.7692680233196594,1.05,0.8908898848948786,157.07927367653758,0.016,0.013712666881355593,0.1684126689378176,0.17829537213832608,31.217273682547418,39,1,0
8.0,2,0.8,0.8683441348741493,0.7735097441123429,155.21084080147764,0.016,0.013380885190312929,0.1522756772305056,0.15852086300526227,34.1964983930772,39,1,0
8.0,2,0.8,0.914084430634686,0.8265658938983982,155.3636686613613,0.016,0.013438311993968204,0.16305690748748297,0.17049978926618198,32.40262379742302,39,2,0
8.0,2,0.770817311279751,0.925124942449702,0.7793752132059553,160.00044605129156,0.016,0.013661688141704835,0.14829721478325406,0.154093714582989,34.92111277825403,39,2,0
8.0,2,0.8,1.05,0.9055293060142735,152.1986345300684,0.016,0.01343652811843524,0.1699366908534666,0.18774633564445767,29.878779291780354,39,4,0
8.0,2,0.8,0.7747083967254897,0.6697002480551218,153.34265686612324,0.016,0.013187314385943246,0.13291519435793697,0.13459431396473875,38.30455020339521,39,4,0
8.0,2,0.8,0.981404843994031,0.9136204921980388,154.3354163174765,0.016,0.013468144212908555,0.1827973694652824,0.18811145525126582,29.82949873584571,39,11,0
8.0,2,0.7949195006318689,1.0213332990541828,0.9343589556340698,153.7605642799926,0.016,0.01349628956798307,0.18464000178806905,0.19166336700871447,29.35801811957258,39,2,6
8.0,2,0.7853139756940399,0.932665804034308,0.8536239313689867,157.547585800462,0.016,0.013587123903097768,0.17106512680718683,0.17297051997010057,32.0296604963503,39,3,6
