V_S,Z,D,AEdAO,PdD,P_B,Strength,Strength_Min,Cavitation,Cavitation_Max,Tip_Velocity,Tip_Velocity_Max,Generation,Run,Valid
8.5,4,0.7844220967768909,1.05,0.7069293504564496,180.0024436438053,0.013499999999999998,0.011521415628773912,0.11807001957458173,0.13354222810439006,38.47794080312206,39,2,2,True
8.5,4,0.7639357954767363,1.05,0.7748806049115103,182.77584312998553,0.013499999999999998,0.011729800642935351,0.14002697236537548,0.1438222515464745,36.59928938077914,39,3,2,True
8.5,4,0.8,1.0275125320327594,0.7079186298117224,176.69118839427986,0.013499999999999998,0.011406262287466927,0.12005509566207778,0.13712853191260785,37.794331703013384,39,5,2,True
8.5,4,0.8,1.05,0.699646307758212,177.5463086931855,0.013499999999999998,0.011405698715664225,0.11485026225211434,0.13502227739977674,38.19096425292689,39,8,2,True
8.5,4,0.8,1.05,0.7821164390076475,176.15112535131544,0.013499999999999998,0.011470414269463,0.1392078634204829,0.15335636966538294,35.00915605462354,39,4,6,True
8.5,4,0.8,0.9620980498306105,0.7849301912178421,175.09073952080746,0.013499999999999998,0.011457538521959429,0.15310635955707788,0.15409665852314844,34.8845744501536,39,9,6,True
