V_S,Z,D,AEdAO,PdD,P_B,Strength,Strength_Min,Cavitation,Cavitation_Max,Tip_Velocity,Tip_Velocity_Max,Generation,Run
8.5,5,0.8,1.05,0.8482456915857707,174.12466558874,0.012249999999999999,0.010888332499314497,0.1639841219745622,0.16961012282903928,32.490877481035604,39,2,6
