V_S,Z,D,AEdAO,PdD,P_B,Strength,Strength_Min,Cavitation,Cavitation_Max,Tip_Velocity,Tip_Velocity_Max,Generation,Run,Valid
8.0,4,0.7658402694062398,0.9454918966019108,0.6486063083598985,147.23482343988613,0.013499999999999998,0.011170893195053126,0.11511746669745794,0.13168616091047528,38.87600291050352,39,5,4,True
8.0,4,0.7325899905752354,0.965502595827046,0.7308543846144262,151.50088880145339,0.013499999999999998,0.011500734950551945,0.1403293098094044,0.1426957210345676,36.82852918361995,39,23,4,True
8.0,4,0.7929659061223034,0.9276814446803869,0.6627421634773454,142.43702018480715,0.013499999999999998,0.010991935822118637,0.11991492611218484,0.14088680523831215,37.14302371476648,39,1,6,True
