V_S,Z,D,AEdAO,PdD,P_B,Strength,Strength_Min,Cavitation,Cavitation_Max,Tip_Velocity,Tip_Velocity_Max,Generation,Run
8.5,2,0.8,0.9792970860703438,0.8237777673026094,191.76254837903682,0.016,0.013949646184631674,0.1532601615263815,0.15501690116002045,34.73150631693768,39,3,0
