V_S,Z,D,AEdAO,PdD,P_B,Strength,Strength_Min,Cavitation,Cavitation_Max,Tip_Velocity,Tip_Velocity_Max,Generation,Run,Valid
8.5,6,0.7929659061223034,0.9276814446803869,0.6627421634773454,171.50011929449545,0.011,0.01032428123420214,0.12962949963658163,0.13384076304001358,38.419263213303836,39,1,6,True
