V_S,Z,D,AEdAO,PdD,P_B,Strength,Strength_Min,Cavitation,Cavitation_Max,Tip_Velocity,Tip_Velocity_Max,Generation,Run
8.5,2,0.8,1.0196259214240821,0.8462491347867137,190.58172697216452,0.016,0.013952745532977385,0.1551421552194901,0.16007283792035876,33.916091087070086,39,6,0
