V_S,Z,D,AEdAO,PdD,P_B,Strength,Strength_Min,Cavitation,Cavitation_Max,Tip_Velocity,Tip_Velocity_Max,Generation,Run,Valid
8.0,2,0.7325899905752354,0.965502595827046,0.7308543846144262,167.38400757913084,0.016,0.013984918988615121,0.13025400709712698,0.13492193453496576,38.244869826628964,39,23,4,True
8.0,2,0.7818558544063497,0.8289707972410045,0.6952867526048583,157.62498629734569,0.016,0.013423237087020598,0.13404718408157223,0.13688596425053795,37.8721034669048,39,23,5,True
8.0,2,0.7929659061223034,0.9276814446803869,0.6627421634773454,159.71733422596634,0.016,0.0133477631217993,0.10922958287509035,0.1313557024603263,38.94064878269724,39,1,6,True
8.0,2,0.7421601561529733,0.9644712746005466,0.7935073565636024,164.53070226730847,0.016,0.013949110154680562,0.1501192985680704,0.15118937176723055,35.418139947936176,39,21,7,True
