V_S,Z,D,AEdAO,PdD,P_B,Strength,Strength_Min,Cavitation,Cavitation_Max,Tip_Velocity,Tip_Velocity_Max,Generation,Run
8.5,3,0.8,1.05,0.726801526661387,183.77351002492048,0.01475,0.012359446348843632,0.1184242311970745,0.13745803643626953,37.733372096587296,39,5,2
8.5,3,0.8,1.05,0.7489592864829906,182.99323272217038,0.01475,0.01237555023409604,0.12496028611413099,0.14251520814175464,36.82387437542585,39,14,2
8.5,3,0.8,1.05,0.8275840709183935,181.80790511578576,0.01475,0.012427955675887977,0.14904210393106007,0.15942561625942822,34.0176913144168,39,7,6
