V_S,Z,D,AEdAO,PdD,P_B,Strength,Strength_Min,Cavitation,Cavitation_Max,Tip_Velocity,Tip_Velocity_Max,Generation,Run
8.0,2,0.7325899905752354,0.965502595827046,0.7308543846144262,167.38400757913084,0.016,0.013984918988615121,0.13025400709712698,0.13492193453496576,38.244869826628964,39,22,4
8.0,2,0.7342909052891373,0.9677442829817712,0.7325512696285584,167.04290160064602,0.016,0.013970213186487026,0.13036197974525593,0.135682213641769,38.10013034118323,39,23,4
8.0,2,0.7818558544063497,0.8289707972410045,0.6952867526048583,157.62498629734569,0.016,0.013423237087020598,0.13404718408157223,0.13688596425053795,37.8721034669048,39,22,5
8.0,2,0.7748726215040153,0.8215667519636775,0.6890767213056309,158.59758225447922,0.016,0.013471677010344251,0.13376350353680372,0.1340370879493402,38.41331619273769,39,23,5
8.0,2,0.7926380230076142,0.9272978534540322,0.6624681808471222,159.7617980446332,0.016,0.013349953462924686,0.10922192654429846,0.1312308311442153,38.965651612629046,39,1,6
8.0,2,0.7421601561529733,0.9644712746005466,0.7935073565636024,164.53070226730847,0.016,0.013949110154680562,0.1501192985680704,0.15118937176723055,35.418139947936176,39,20,7
8.0,2,0.740248805740148,0.9619873867852515,0.7914637671833674,164.91170112574744,0.016,0.01396626285911512,0.14996849050274144,0.15024292563058167,35.568763315455065,39,21,7
